<?xml version="1.0" encoding="UTF-8"?>
<!DOCTYPE fontscolors PUBLIC "-//NetBeans//DTD Editor Fonts and Colors settings 1.1//EN" "http://www.netbeans.org/dtds/EditorFontsColors-1_1.dtd">
<fontscolors>
    <fontcolor foreColor="ffd6d6d6" name="mod-method">
        <font style="bold"/>
    </fontcolor>
    <fontcolor default="string" foreColor="ffe8bf6a" name="string"/>
    <fontcolor default="keyword" foreColor="ffc24d43" name="keyword"/>
    <fontcolor foreColor="ff6b84a3" name="mod-custom1"/>
    <fontcolor default="number" foreColor="ffc24d43" name="number"/>
    <fontcolor foreColor="ff6b84a3" name="mod-custom2">
        <font style="italic"/>
    </fontcolor>
    <fontcolor default="comment" foreColor="ff434343" name="comment"/>
    <fontcolor default="identifier" foreColor="ffe8bf6a" name="identifier"/>
</fontscolors>
