<?xml version="1.0" encoding="UTF-8"?>
<!DOCTYPE fontscolors PUBLIC "-//NetBeans//DTD Editor Fonts and Colors settings 1.1//EN" "http://www.netbeans.org/dtds/EditorFontsColors-1_1.dtd">
<fontscolors>
    <fontcolor foreColor="ffb4aa99" name="PHP_VARIABLE"/>
    <fontcolor default="constant" name="constant">
        <font style="italic"/>
    </fontcolor>
    <fontcolor foreColor="black" name="mod-method">
        <font style="bold"/>
    </fontcolor>
    <fontcolor default="uncovered" name="uncovered"/>
    <fontcolor default="keyword" name="keyword"/>
    <fontcolor foreColor="ffb9aa99" name="mod-static">
        <font style="italic"/>
    </fontcolor>
    <fontcolor default="identifier" name="PHP_STRING"/>
    <fontcolor default="partial" name="partial"/>
    <fontcolor default="inferred" name="inferred"/>
    <fontcolor default="operator" name="operator"/>
    <fontcolor foreColor="black" name="T_INLINE_HTML"/>
    <fontcolor name="mod-unused" waveUnderlined="ff999999"/>
    <fontcolor bgColor="ff3c3c3c" name="mark-occurrences"/>
    <fontcolor default="string" name="string"/>
    <fontcolor default="field" name="mod-field"/>
    <fontcolor foreColor="ff6b84a3" name="heredocdelimiter"/>
    <fontcolor default="comment" name="comment"/>
    <fontcolor default="comment" name="phpdockeyword">
        <font style="bold"/>
    </fontcolor>
    <fontcolor default="identifier" foreColor="ff6b84a3" name="identifier"/>
    <fontcolor default="separator" name="separator"/>
    <fontcolor foreColor="ffd6d6d6" name="phpopenclose">
        <font style="bold"/>
    </fontcolor>
    <fontcolor default="covered" name="covered"/>
    <fontcolor foreColor="black" name="PHP_CONTENT"/>
</fontscolors>
