<?xml version="1.0" encoding="UTF-8"?>
<!DOCTYPE fontscolors PUBLIC "-//NetBeans//DTD Editor Fonts and Colors settings 1.1//EN" "http://www.netbeans.org/dtds/EditorFontsColors-1_1.dtd">
<fontscolors>
    <fontcolor default="default" foreColor="ff676767" name="sgml-declaration"/>
    <fontcolor default="markup-attribute" foreColor="ff6e5e4b" name="argument"/>
    <fontcolor default="default" foreColor="ffd6d6d6" name="text"/>
    <fontcolor name="mod-method">
        <font style="bold"/>
    </fontcolor>
    <fontcolor default="error" name="error"/>
    <fontcolor bgColor="ff242424" default="default" name="css-embedded"/>
    <fontcolor default="markup-element" foreColor="ffb9aa99" name="tag"/>
    <fontcolor default="comment" name="sgml-comment"/>
    <fontcolor default="whitespace" name="ws"/>
    <fontcolor default="argument" foreColor="ffb9aa99" name="operator"/>
    <fontcolor default="entity-reference" foreColor="ffd6d6c2" name="character"/>
    <fontcolor name="mod-class" waveUnderlined="red"/>
    <fontcolor bgColor="ff242424" default="default" name="javascript-embedded"/>
    <fontcolor default="markup-attribute-value" name="value"/>
    <fontcolor default="comment" foreColor="ff676767" name="block-comment"/>
</fontscolors>
