<?xml version="1.0" encoding="UTF-8"?>
<!DOCTYPE fontscolors PUBLIC "-//NetBeans//DTD Editor Fonts and Colors settings 1.1//EN" "http://www.netbeans.org/dtds/EditorFontsColors-1_1.dtd">
<fontscolors>
    <fontcolor name="error" waveUnderlined="red"/>
    <fontcolor foreColor="ffce7b00" name="char"/>
    <fontcolor foreColor="ff676767" name="keyword"/>
    <fontcolor foreColor="black" name="whitespace"/>
    <fontcolor foreColor="ffc24d43" name="number"/>
    <fontcolor default="keyword" name="markup-element"/>
    <fontcolor name="operator"/>
    <fontcolor name="url" underline="lightGray"/>
    <fontcolor default="identifier" foreColor="ff009900" name="field"/>
    <fontcolor bgColor="ff292929" foreColor="ffd6d6d6" name="default"/>
    <fontcolor foreColor="ffe8bf7a" name="string"/>
    <fontcolor default="string" name="markup-attribute-value"/>
    <fontcolor default="default" foreColor="black" name="entity-reference">
        <font style="bold"/>
    </fontcolor>
    <fontcolor default="identifier" name="method"/>
    <fontcolor foreColor="ff676767" name="comment"/>
    <fontcolor name="identifier"/>
    <fontcolor name="warning" waveUnderlined="yellow"/>
    <fontcolor name="separator"/>
    <fontcolor default="field" name="markup-attribute"/>
</fontscolors>
